customer_id,first_name,last_name,email,country
1,Molly,Russell,nicolewashington@example.org,UK
2,Shannon,Brandt,jamesmichael@example.org,UK
3,Alyssa,Ortiz,lisalopez@example.net,Canada
4,Maurice,Page,bbartlett@example.net,Canada
5,John,Smith,wsmall@example.com,Germany
6,Tracey,Harris,amy05@example.com,Germany
7,Thomas,Carney,crystal49@example.org,Australia
8,Kathleen,Walls,danieljacobs@example.net,USA
9,Angela,Walsh,davidjohnson@example.com,Germany
10,Edward,Ramos,tinajohnson@example.org,Germany
11,Christian,Hall,conradmichael@example.org,Canada
12,Joseph,Hernandez,zmayo@example.com,USA
13,Sara,Armstrong,janetgallegos@example.org,USA
14,Monica,King,jessica50@example.net,UK
15,Nancy,Vaughn,markmcintosh@example.com,UK
16,Austin,Stewart,ashleywatson@example.org,Canada
17,Erica,Fox,lauracrawford@example.com,Australia
18,John,Smith,castrosusan@example.net,Australia
19,Zoe,Rosales,andreawilliams@example.com,Australia
20,Chad,Adams,steven44@example.org,Canada
21,Laura,Wright,amy22@example.net,Canada
22,Kimberly,Gonzalez,connerraymond@example.net,UK
23,Christina,Henry,ryangarcia@example.com,Canada
24,Kathryn,Brown,rbryant@example.com,UK
25,Deborah,Aguirre,tyrone28@example.com,Australia
26,Amy,Estes,luke29@example.com,USA
27,Julie,Moore,scottlinda@example.org,Germany
28,Kendra,Baker,mharris@example.net,USA
29,Gerald,Richards,garymarquez@example.net,USA
30,Douglas,Wood,melanie12@example.net,Germany
31,Krystal,Henderson,joseph66@example.org,USA
32,Christopher,Riggs,pgrant@example.com,Germany
33,Nancy,Cowan,jamie02@example.net,Canada
34,David,Davis,jonesterri@example.net,Canada
35,Carla,Carpenter,jamie61@example.org,Australia
36,Steven,Chan,xbanks@example.net,Canada
37,Shannon,Graham,brianlewis@example.net,USA
38,Eric,Gonzalez,jackson73@example.com,UK
39,Brian,Harris,randyhenson@example.net,Australia
40,Robin,Anderson,johnny98@example.org,Canada
41,Susan,Hamilton,vanessa19@example.org,Australia
42,Brandon,Greene,paulareynolds@example.org,UK
43,Andrew,Stein,paynerobert@example.net,Germany
44,Tracy,Brown,burgessbryan@example.org,UK
45,Katie,Costa,stricklanddavid@example.com,USA
46,Sarah,Carroll,ogordon@example.net,UK
47,Danielle,Mercado,derek76@example.net,UK
48,Larry,Guzman,ccarney@example.net,Australia
49,Julia,Petersen,jacksonanthony@example.net,USA
50,Tom,Gay,jill69@example.com,Australia
51,Robert,Lowe,cdavila@example.com,Canada
52,Jessica,Hernandez,rodriguezhenry@example.org,Germany
53,Cameron,Murphy,sharonsosa@example.net,Canada
54,Sharon,Lopez,jeanwalker@example.com,Australia
55,Brianna,Howe,schultzjoanna@example.net,Canada
56,Terri,Wolf,jerryhunt@example.com,UK
57,Charles,Romero,jgriffin@example.org,Germany
58,George,Lopez,chasecindy@example.org,UK
59,Jared,Potter,taraarnold@example.net,Germany
60,Kimberly,Reeves,clarkjoshua@example.org,UK
61,Tammy,Bates,caleb27@example.net,Australia
62,Kenneth,Peterson,brivera@example.org,Canada
63,Michele,Fuller,whitemichael@example.net,Germany
64,Henry,Cooley,munozernest@example.com,Canada
65,Jeremy,Smith,juliarowe@example.org,Germany
66,Amanda,Johnson,heathersantiago@example.org,Germany
67,Richard,Gordon,dgriffin@example.org,Germany
68,Bradley,Gonzales,mooretara@example.com,Canada
69,Miguel,Robinson,fmcbride@example.net,Germany
70,David,Oneal,jrodriguez@example.net,UK
71,Cameron,Weaver,stonemark@example.net,Germany
72,Seth,Neal,millerjoan@example.net,Australia
73,Christine,Nelson,charlottemills@example.net,Germany
74,Bradley,Taylor,dixonmichael@example.org,UK
75,Ryan,Robbins,reillyrichard@example.org,Germany
76,Mary,Perez,jenniferscott@example.org,USA
77,Ryan,Russell,mrodriguez@example.net,Canada
78,Tina,Simmons,albertwalker@example.net,Germany
79,Kaitlyn,Williams,mporter@example.org,Germany
80,Caleb,Morrison,matthew60@example.org,USA
81,Donna,Mckenzie,sergio87@example.org,UK
82,Sara,Diaz,harrisonwesley@example.net,USA
83,Mark,Evans,maryadams@example.org,Canada
84,Mary,Le,wilsonhelen@example.net,Germany
85,Jason,Hodge,smithannette@example.org,Australia
86,Melissa,Campbell,lawrencekeith@example.net,Germany
87,Paul,Parrish,michaelbrown@example.net,Australia
88,Brett,Ballard,brian28@example.org,USA
89,Ashley,Miller,dawsongregory@example.net,USA
90,Rebecca,Hancock,sgreene@example.net,UK
91,Christine,Gray,wisedavid@example.net,Germany
92,Latoya,Padilla,gonzalezrichard@example.net,Germany
93,Richard,Pittman,xking@example.org,USA
94,Brian,Fowler,diane84@example.net,USA
95,Charles,Gray,apearson@example.com,Australia
96,Joshua,Green,tammy07@example.org,Germany
97,David,Jones,robinsonshannon@example.net,Canada
98,Brian,Larsen,henrydarlene@example.org,Canada
99,Mark,Fuller,jacquelineallen@example.com,Canada
100,Paul,Everett,robertthompson@example.org,Germany
